{
  "name": "ckeditor",
  "description": "JavaScript WYSIWYG web text editor.",
  "keywords": [
    "ckeditor",
    "fckeditor",
    "editor",
    "wysiwyg",
    "html",
    "richtext",
    "text",
    "javascript"
  ],
  "authors": "CKSource (http://cksource.com/)",
  "license": "For licensing, see LICENSE.md or http://ckeditor.com/license.",
  "homepage": "http://ckeditor.com",
  "main": "./ckeditor.js",
  "moduleType": "globals",
  "version": "4.5.7",
  "_release": "4.5.7",
  "_resolution": {
    "type": "version",
    "tag": "4.5.7",
    "commit": "a55e90c4e4114c40169b054bbeb2190c3a62a055"
  },
  "_source": "git://github.com/ckeditor/ckeditor-releases.git",
  "_target": "^4.5.7",
  "_originalSource": "ckeditor"
}